lsoa21cd,lsoa21nm
E01000843,Camden 014A
E01000846,Camden 014C
E01000847,Camden 014D
E01000849,Camden 011D
E01000853,Camden 029H
E01000857,Camden 018A
E01000867,Camden 015C
E01000868,Camden 015D
E01000869,Camden 015E
E01000882,Camden 008B
E01000886,Camden 006A
E01000887,Camden 006B
E01000890,Camden 007B
E01000891,Camden 007C
E01000901,Camden 007D
E01000904,Camden 012C
E01000905,Camden 012D
E01000906,Camden 012E
E01000919,Camden 028D
E01000923,Camden 003D
E01000926,Camden 009E
E01000927,Camden 007F
E01000929,Camden 020A
E01000932,Camden 013D
E01000934,Camden 020D
E01000935,Camden 020E
E01000939,Camden 029B
E01000941,Camden 029D
E01000942,Camden 029C
E01000943,Camden 029F
E01000944,Camden 023A
E01000949,Camden 023C
E01000951,Camden 023E
E01000954,Camden 022C
E01000955,Camden 022D
E01000957,Camden 019C
E01000959,Camden 019E
E01000961,Camden 017B
E01000964,Camden 016B
E01000968,Camden 016E
E01000969,Camden 010A
E01000970,Camden 010B
E01000971,Camden 010C
E01000842,Camden 011A
E01000848,Camden 011C
E01000859,Camden 018C
E01000870,Camden 009B
E01000873,Camden 005C
E01000874,Camden 005D
E01000875,Camden 013A
E01000876,Camden 013B
E01000877,Camden 005E
E01000888,Camden 006C
E01000892,Camden 006D
E01000900,Camden 012A
E01000902,Camden 012B
E01000903,Camden 006E
E01000907,Camden 001A
E01000911,Camden 003B
E01000915,Camden 027A
E01000920,Camden 027D
E01000924,Camden 009C
E01000930,Camden 020B
E01000938,Camden 029A
E01000952,Camden 022A
E01000966,Camden 016D
E01000974,Camden 013E
E01035712,Camden 029E
E01000844,Camden 011B
E01000845,Camden 014B
E01000861,Camden 019B
E01000862,Camden 018E
E01000866,Camden 009A
E01000880,Camden 004C
E01000895,Camden 002C
E01000898,Camden 008E
E01000910,Camden 003A
E01000916,Camden 027B
E01000917,Camden 027C
E01000925,Camden 009D
E01000933,Camden 020C
E01000937,Camden 029G
E01000956,Camden 022E
E01000960,Camden 017A
E01000962,Camden 016A
E01000965,Camden 016C
E01000972,Camden 010D
E01000863,Camden 021A
E01000872,Camden 005B
E01000889,Camden 007A
E01000918,Camden 028C
E01000931,Camden 013C
E01035709,Camden 022G
E01000860,Camden 018D
E01000878,Camden 004A
E01000896,Camden 002D
E01000851,Camden 026B
E01000879,Camden 004B
E01000883,Camden 008C
E01000884,Camden 004D
E01000947,Camden 021C
E01000856,Camden 019A
E01000881,Camden 008A
E01000897,Camden 008D
E01000908,Camden 001B
E01000963,Camden 017C
E01000921,Camden 003C
E01035707,Camden 015F
E01000948,Camden 021D
E01000958,Camden 019D
E01000967,Camden 017D
E01000850,Camden 026A
E01000858,Camden 018B
E01000885,Camden 004E
E01000909,Camden 001C
E01000922,Camden 007E
E01000973,Camden 010E
E01000893,Camden 002A
E01000928,Camden 003E
E01035708,Camden 022F
E01035710,Camden 023F
E01000894,Camden 002B
E01000871,Camden 005A
E01000855,Camden 028A
E01000914,Camden 028B
E01000912,Camden 001D
E01035711,Camden 026E
E01000946,Camden 021B
E01000899,Camden 002E
E01000913,Camden 001E
E01000003,City of London 001C
E01000005,City of London 001E
E01000001,City of London 001A
E01000002,City of London 001B
E01032740,City of London 001G
E01032739,City of London 001F
E01001845,Hackney 022E
E01001844,Hackney 022D
E01001843,Hackney 023E
E01001842,Hackney 023D
E01001838,Hackney 019E
E01001836,Hackney 022A
E01001835,Hackney 014F
E01001834,Hackney 014E
E01001832,Hackney 009E
E01001823,Hackney 001D
E01001822,Hackney 029C
E01001821,Hackney 024F
E01001820,Hackney 024E
E01001813,Hackney 002E
E01001811,Hackney 002D
E01001800,Hackney 004C
E01001798,Hackney 028A
E01001796,Hackney 011E
E01001794,Hackney 011C
E01001790,Hackney 013D
E01001789,Hackney 015C
E01001785,Hackney 015B
E01001784,Hackney 032A
E01001783,Hackney 026D
E01001776,Hackney 025F
E01001775,Hackney 024C
E01001772,Hackney 024A
E01001768,Hackney 006D
E01001759,Hackney 016E
E01001757,Hackney 016C
E01001755,Hackney 025D
E01001753,Hackney 025B
E01001749,Hackney 020B
E01001746,Hackney 016B
E01001740,Hackney 014A
E01001738,Hackney 012C
E01001737,Hackney 012B
E01001732,Hackney 019C
E01001728,Hackney 029B
E01001727,Hackney 006C
E01001726,Hackney 004B
E01001724,Hackney 006B
E01001723,Hackney 006A
E01001722,Hackney 029A
E01001719,Hackney 007E
E01001718,Hackney 007D
E01001717,Hackney 007C
E01001715,Hackney 007A
E01033702,Hackney 028C
E01033703,Hackney 010F
E01033710,Hackney 028E
E01035641,Hackney 020G
E01035642,Hackney 025G
E01035644,Hackney 025I
E01035645,Hackney 025J
E01035646,Hackney 026E
E01035647,Hackney 026F
E01035648,Hackney 026G
E01035649,Hackney 026H
E01001716,Hackney 007B
E01001733,Hackney 015A
E01001735,Hackney 019D
E01001736,Hackney 012A
E01001739,Hackney 012D
E01001741,Hackney 009A
E01001756,Hackney 030C
E01001763,Hackney 020C
E01001767,Hackney 010D
E01001769,Hackney 006E
E01001770,Hackney 010E
E01001780,Hackney 032D
E01001781,Hackney 026B
E01001788,Hackney 013C
E01001791,Hackney 015D
E01001792,Hackney 011A
E01001795,Hackney 011D
E01001804,Hackney 003C
E01001805,Hackney 009B
E01001814,Hackney 001C
E01001815,Hackney 024D
E01001816,Hackney 020D
E01001819,Hackney 020E
E01001827,Hackney 029D
E01001828,Hackney 028B
E01001829,Hackney 009C
E01001830,Hackney 014C
E01001831,Hackney 009D
E01001833,Hackney 014D
E01001837,Hackney 023B
E01001839,Hackney 023C
E01001850,Hackney 019F
E01033711,Hackney 032C
E01035638,Hackney 002G
E01035639,Hackney 002H
E01035640,Hackney 020F
E01035650,Hackney 031C
E01001729,Hackney 019A
E01001840,Hackney 022B
E01001826,Hackney 004E
E01001825,Hackney 001E
E01001809,Hackney 001B
E01001808,Hackney 001A
E01001807,Hackney 003D
E01001802,Hackney 003B
E01001793,Hackney 011B
E01001764,Hackney 010A
E01001762,Hackney 017D
E01001761,Hackney 016F
E01001760,Hackney 017C
E01001751,Hackney 031B
E01001747,Hackney 014B
E01001742,Hackney 008A
E01001731,Hackney 017A
E01001725,Hackney 004A
E01001720,Hackney 007F
E01033700,Hackney 030B
E01033705,Hackney 028D
E01035643,Hackney 025H
E01001734,Hackney 017B
E01001750,Hackney 031D
E01001847,Hackney 018B
E01001841,Hackney 022C
E01001824,Hackney 004D
E01001803,Hackney 008C
E01001773,Hackney 025E
E01001765,Hackney 010B
E01001745,Hackney 016A
E01001744,Hackney 031A
E01001730,Hackney 019B
E01001714,Hackney 002A
E01033699,Hackney 030A
E01033712,Hackney 023G
E01001799,Hackney 003A
E01001787,Hackney 013B
E01033709,Hackney 032B
E01033713,Hackney 010G
E01001758,Hackney 016D
E01001774,Hackney 024B
E01001801,Hackney 008B
E01001777,Hackney 033A
E01033704,Hackney 023F
E01001812,Hackney 003E
E01001848,Hackney 018C
E01033706,Hackney 033B
E01001806,Hackney 008D
E01001846,Hackney 018A
E01033708,Hackney 033C
E01001849,Hackney 018D
E01001786,Hackney 013A
E01001851,Hammersmith and Fulham 010A
E01001853,Hammersmith and Fulham 007B
E01001854,Hammersmith and Fulham 007C
E01001855,Hammersmith and Fulham 010B
E01001861,Hammersmith and Fulham 006C
E01001862,Hammersmith and Fulham 005A
E01001863,Hammersmith and Fulham 006D
E01001864,Hammersmith and Fulham 006E
E01001867,Hammersmith and Fulham 012B
E01001872,Hammersmith and Fulham 012F
E01001873,Hammersmith and Fulham 010E
E01001878,Hammersmith and Fulham 001E
E01001879,Hammersmith and Fulham 019A
E01001882,Hammersmith and Fulham 017C
E01001884,Hammersmith and Fulham 017E
E01001885,Hammersmith and Fulham 015A
E01001888,Hammersmith and Fulham 018A
E01001896,Hammersmith and Fulham 009B
E01001901,Hammersmith and Fulham 019B
E01001903,Hammersmith and Fulham 019D
E01001905,Hammersmith and Fulham 022B
E01001906,Hammersmith and Fulham 022C
E01001907,Hammersmith and Fulham 022D
E01001908,Hammersmith and Fulham 015B
E01001910,Hammersmith and Fulham 014B
E01001914,Hammersmith and Fulham 014D
E01001918,Hammersmith and Fulham 018D
E01001926,Hammersmith and Fulham 024C
E01001929,Hammersmith and Fulham 009D
E01001931,Hammersmith and Fulham 011B
E01001938,Hammersmith and Fulham 025D
E01001940,Hammersmith and Fulham 005B
E01001942,Hammersmith and Fulham 005D
E01001944,Hammersmith and Fulham 004B
E01001945,Hammersmith and Fulham 004C
E01001948,Hammersmith and Fulham 021B
E01001949,Hammersmith and Fulham 021C
E01001952,Hammersmith and Fulham 024D
E01001957,Hammersmith and Fulham 002B
E01001958,Hammersmith and Fulham 002C
E01001960,Hammersmith and Fulham 003D
E01001961,Hammersmith and Fulham 002D
E01032789,Hammersmith and Fulham 023E
E01001852,Hammersmith and Fulham 007A
E01001857,Hammersmith and Fulham 007D
E01001859,Hammersmith and Fulham 008A
E01001868,Hammersmith and Fulham 012C
E01001881,Hammersmith and Fulham 017B
E01001892,Hammersmith and Fulham 016D
E01001893,Hammersmith and Fulham 013A
E01001895,Hammersmith and Fulham 009A
E01001897,Hammersmith and Fulham 009C
E01001902,Hammersmith and Fulham 019C
E01001909,Hammersmith and Fulham 015C
E01001912,Hammersmith and Fulham 015E
E01001924,Hammersmith and Fulham 020E
E01001947,Hammersmith and Fulham 021A
E01001951,Hammersmith and Fulham 021E
E01001956,Hammersmith and Fulham 003B
E01032788,Hammersmith and Fulham 023D
E01001856,Hammersmith and Fulham 010C
E01001875,Hammersmith and Fulham 001B
E01001883,Hammersmith and Fulham 017D
E01001889,Hammersmith and Fulham 014A
E01001890,Hammersmith and Fulham 016C
E01001904,Hammersmith and Fulham 022A
E01001946,Hammersmith and Fulham 004D
E01001953,Hammersmith and Fulham 021F
E01032790,Hammersmith and Fulham 023F
E01001865,Hammersmith and Fulham 008B
E01001894,Hammersmith and Fulham 013B
E01001900,Hammersmith and Fulham 013E
E01001913,Hammersmith and Fulham 014C
E01001917,Hammersmith and Fulham 018C
E01001922,Hammersmith and Fulham 020C
E01001927,Hammersmith and Fulham 008C
E01001928,Hammersmith and Fulham 011A
E01001934,Hammersmith and Fulham 025B
E01001935,Hammersmith and Fulham 023A
E01001937,Hammersmith and Fulham 025C
E01001941,Hammersmith and Fulham 005C
E01001950,Hammersmith and Fulham 021D
E01001858,Hammersmith and Fulham 006A
E01001870,Hammersmith and Fulham 012D
E01001871,Hammersmith and Fulham 012E
E01001886,Hammersmith and Fulham 016A
E01001887,Hammersmith and Fulham 016B
E01001899,Hammersmith and Fulham 013D
E01001920,Hammersmith and Fulham 020A
E01001921,Hammersmith and Fulham 020B
E01001923,Hammersmith and Fulham 020D
E01001959,Hammersmith and Fulham 003C
E01035487,Hammersmith and Fulham 023H
E01001880,Hammersmith and Fulham 017A
E01001911,Hammersmith and Fulham 015D
E01001916,Hammersmith and Fulham 024B
E01001954,Hammersmith and Fulham 003A
E01001860,Hammersmith and Fulham 006B
E01001866,Hammersmith and Fulham 012A
E01001891,Hammersmith and Fulham 018B
E01001925,Hammersmith and Fulham 025A
E01001955,Hammersmith and Fulham 002A
E01035485,Hammersmith and Fulham 001G
E01035486,Hammersmith and Fulham 023G
E01001919,Hammersmith and Fulham 018E
E01001898,Hammersmith and Fulham 013C
E01001869,Hammersmith and Fulham 010D
E01001943,Hammersmith and Fulham 004A
E01001930,Hammersmith and Fulham 008D
E01001932,Hammersmith and Fulham 011C
E01001915,Hammersmith and Fulham 024A
E01001876,Hammersmith and Fulham 001C
E01001877,Hammersmith and Fulham 001D
E01035484,Hammersmith and Fulham 001F
E01001975,Haringey 001D
E01001977,Haringey 011B
E01001983,Haringey 018D
E01002001,Haringey 031B
E01002004,Haringey 023D
E01002097,Haringey 005D
E01002089,Haringey 013D
E01002087,Haringey 019D
E01002085,Haringey 019C
E01002081,Haringey 012D
E01002074,Haringey 012A
E01002050,Haringey 029A
E01002049,Haringey 026D
E01002047,Haringey 027C
E01002044,Haringey 027B
E01002043,Haringey 026A
E01002040,Haringey 002D
E01002039,Haringey 002C
E01002031,Haringey 016D
E01002028,Haringey 010B
E01002027,Haringey 010A
E01033086,Haringey 020F
E01033945,Haringey 020G
E01033946,Haringey 020H
E01001971,Haringey 001B
E01001981,Haringey 018B
E01001982,Haringey 018C
E01001986,Haringey 034A
E01002005,Haringey 035A
E01002016,Haringey 028A
E01002021,Haringey 022C
E01002026,Haringey 016A
E01002032,Haringey 010C
E01002045,Haringey 026B
E01002048,Haringey 027D
E01002051,Haringey 029B
E01002054,Haringey 032B
E01002055,Haringey 029D
E01002058,Haringey 031D
E01002060,Haringey 028D
E01002065,Haringey 036D
E01002079,Haringey 012C
E01002098,Haringey 007A
E01002105,Haringey 007D
E01033944,Haringey 015F
E01002093,Haringey 005B
E01002096,Haringey 005C
E01002100,Haringey 008B
E01002099,Haringey 008A
E01002083,Haringey 019A
E01002082,Haringey 013A
E01002077,Haringey 012B
E01002067,Haringey 024A
E01002064,Haringey 036C
E01002061,Haringey 036A
E01002057,Haringey 032D
E01002053,Haringey 032A
E01002046,Haringey 026C
E01002041,Haringey 037C
E01002023,Haringey 021C
E01002015,Haringey 020C
E01002013,Haringey 022A
E01002006,Haringey 035B
E01001976,Haringey 011A
E01001969,Haringey 001A
E01001965,Haringey 009C
E01002000,Haringey 031A
E01002076,Haringey 015B
E01002088,Haringey 013C
E01002103,Haringey 008C
E01002092,Haringey 006B
E01002073,Haringey 024D
E01002071,Haringey 025C
E01002062,Haringey 034D
E01002059,Haringey 028C
E01002036,Haringey 002A
E01002024,Haringey 022D
E01002017,Haringey 028B
E01001991,Haringey 017A
E01001974,Haringey 001C
E01001972,Haringey 004C
E01002018,Haringey 020D
E01002052,Haringey 029C
E01002090,Haringey 005A
E01002091,Haringey 006A
E01002104,Haringey 008D
E01002063,Haringey 036B
E01002007,Haringey 035C
E01001980,Haringey 018A
E01001978,Haringey 011C
E01032575,Haringey 037D
E01001967,Haringey 014A
E01001979,Haringey 011D
E01002033,Haringey 010D
E01002072,Haringey 025D
E01002034,Haringey 037A
E01002025,Haringey 021D
E01001988,Haringey 034B
E01001985,Haringey 033B
E01002066,Haringey 025A
E01002094,Haringey 006C
E01001998,Haringey 023A
E01001997,Haringey 014D
E01001984,Haringey 033A
E01001993,Haringey 017C
E01002014,Haringey 020B
E01002030,Haringey 016C
E01002069,Haringey 024B
E01002070,Haringey 024C
E01002078,Haringey 015C
E01001987,Haringey 033C
E01001995,Haringey 017D
E01001999,Haringey 023B
E01002038,Haringey 037B
E01001968,Haringey 014B
E01001970,Haringey 004B
E01001973,Haringey 004D
E01001994,Haringey 030A
E01002056,Haringey 032C
E01002086,Haringey 013B
E01002101,Haringey 007B
E01001990,Haringey 034C
E01002022,Haringey 021B
E01002029,Haringey 016B
E01002042,Haringey 027A
E01001996,Haringey 014C
E01002020,Haringey 021A
E01001989,Haringey 033D
E01001992,Haringey 017B
E01002009,Haringey 035D
E01002019,Haringey 022B
E01002095,Haringey 006D
E01002084,Haringey 019B
E01001963,Haringey 009A
E01002068,Haringey 025B
E01002075,Haringey 015A
E01002102,Haringey 007C
E01001964,Haringey 009B
E01002003,Haringey 023C
E01033943,Haringey 015E
E01001966,Haringey 009D
E01002002,Haringey 031C
E01002010,Haringey 030C
E01001962,Haringey 004A
E01002011,Haringey 030D
E01002037,Haringey 002B
E01002008,Haringey 030B
E01002810,Islington 003F
E01002809,Islington 003E
E01002799,Islington 018D
E01002796,Islington 013E
E01002789,Islington 008D
E01002785,Islington 008B
E01002783,Islington 010B
E01002781,Islington 012D
E01002780,Islington 014F
E01002778,Islington 012B
E01002777,Islington 012A
E01002772,Islington 002F
E01002768,Islington 004A
E01002767,Islington 011D
E01002763,Islington 007D
E01002760,Islington 002E
E01002757,Islington 002C
E01002755,Islington 001A
E01002753,Islington 002A
E01002752,Islington 009E
E01002751,Islington 005E
E01002749,Islington 006D
E01002747,Islington 006B
E01002741,Islington 009B
E01002736,Islington 005C
E01002733,Islington 007C
E01002725,Islington 022E
E01002723,Islington 022C
E01002722,Islington 018A
E01002721,Islington 014C
E01002720,Islington 016C
E01002715,Islington 019E
E01002714,Islington 017D
E01002711,Islington 021B
E01002709,Islington 019C
E01002703,Islington 023C
E01002702,Islington 023B
E01002701,Islington 023A
E01002698,Islington 017A
E01002694,Islington 019A
E01033486,Islington 011E
E01033487,Islington 011F
E01033493,Islington 006F
E01035651,Islington 007E
E01035654,Islington 011K
E01035656,Islington 020G
E01002697,Islington 019B
E01002699,Islington 017B
E01002707,Islington 022B
E01002717,Islington 016A
E01002718,Islington 014B
E01002719,Islington 016B
E01002727,Islington 021C
E01002728,Islington 021D
E01002729,Islington 021E
E01002730,Islington 007A
E01002735,Islington 003A
E01002737,Islington 005D
E01002742,Islington 006A
E01002743,Islington 009C
E01002744,Islington 009D
E01002745,Islington 013C
E01002756,Islington 001B
E01002759,Islington 002D
E01002764,Islington 010A
E01002766,Islington 015E
E01002771,Islington 004C
E01002773,Islington 004D
E01002775,Islington 014D
E01002776,Islington 014E
E01002782,Islington 012E
E01002786,Islington 010D
E01002791,Islington 016E
E01002792,Islington 017E
E01002797,Islington 018B
E01002798,Islington 018C
E01002804,Islington 001D
E01002811,Islington 001F
E01033489,Islington 022G
E01035652,Islington 007F
E01035653,Islington 011J
E01002807,Islington 001E
E01002806,Islington 003C
E01002801,Islington 020C
E01002800,Islington 018E
E01002795,Islington 013D
E01002793,Islington 016F
E01002790,Islington 016D
E01002787,Islington 010E
E01002765,Islington 015D
E01002754,Islington 002B
E01002748,Islington 006C
E01002739,Islington 013A
E01002716,Islington 014A
E01002713,Islington 015C
E01002710,Islington 019D
E01002706,Islington 023E
E01033490,Islington 022H
E01035655,Islington 020F
E01002784,Islington 010C
E01002779,Islington 012C
E01002769,Islington 008A
E01002734,Islington 005B
E01002726,Islington 022F
E01002712,Islington 015B
E01002696,Islington 020A
E01002695,Islington 021A
E01033488,Islington 011G
E01002808,Islington 003D
E01002802,Islington 020D
E01002794,Islington 020B
E01002770,Islington 004B
E01002762,Islington 011C
E01002732,Islington 005A
E01002700,Islington 017C
E01002758,Islington 001C
E01002740,Islington 013B
E01033494,Islington 006G
E01002788,Islington 008C
E01002738,Islington 009A
E01002724,Islington 022D
E01002708,Islington 015A
E01002774,Islington 004E
E01002805,Islington 003B
E01002704,Islington 023D
E01033491,Islington 011H
E01002812,Kensington and Chelsea 013A
E01002815,Kensington and Chelsea 011B
E01002816,Kensington and Chelsea 011C
E01002823,Kensington and Chelsea 014B
E01002828,Kensington and Chelsea 008E
E01002829,Kensington and Chelsea 004A
E01002832,Kensington and Chelsea 004D
E01002833,Kensington and Chelsea 007A
E01002834,Kensington and Chelsea 013B
E01002836,Kensington and Chelsea 016D
E01002837,Kensington and Chelsea 016E
E01002841,Kensington and Chelsea 021B
E01002842,Kensington and Chelsea 021C
E01002843,Kensington and Chelsea 021D
E01002845,Kensington and Chelsea 019B
E01002846,Kensington and Chelsea 017A
E01002848,Kensington and Chelsea 015C
E01002849,Kensington and Chelsea 017B
E01002850,Kensington and Chelsea 013D
E01002851,Kensington and Chelsea 015D
E01002853,Kensington and Chelsea 001B
E01002857,Kensington and Chelsea 001E
E01002858,Kensington and Chelsea 014C
E01002865,Kensington and Chelsea 011E
E01002867,Kensington and Chelsea 009C
E01002869,Kensington and Chelsea 009E
E01002874,Kensington and Chelsea 007D
E01002876,Kensington and Chelsea 003A
E01002879,Kensington and Chelsea 005C
E01002880,Kensington and Chelsea 005D
E01002881,Kensington and Chelsea 005E
E01002882,Kensington and Chelsea 006A
E01002885,Kensington and Chelsea 006D
E01002891,Kensington and Chelsea 010D
E01002897,Kensington and Chelsea 020D
E01002904,Kensington and Chelsea 002A
E01002907,Kensington and Chelsea 002D
E01002909,Kensington and Chelsea 003E
E01002910,Kensington and Chelsea 019C
E01002914,Kensington and Chelsea 019E
E01002902,Kensington and Chelsea 018D
E01002899,Kensington and Chelsea 018A
E01002862,Kensington and Chelsea 014E
E01002861,Kensington and Chelsea 014D
E01002830,Kensington and Chelsea 004B
E01002831,Kensington and Chelsea 004C
E01002835,Kensington and Chelsea 016C
E01002839,Kensington and Chelsea 013C
E01002844,Kensington and Chelsea 019A
E01002855,Kensington and Chelsea 001D
E01002856,Kensington and Chelsea 004E
E01002860,Kensington and Chelsea 012D
E01002863,Kensington and Chelsea 012E
E01002866,Kensington and Chelsea 009B
E01002873,Kensington and Chelsea 007C
E01002878,Kensington and Chelsea 003C
E01002883,Kensington and Chelsea 006B
E01002886,Kensington and Chelsea 006E
E01002888,Kensington and Chelsea 013E
E01002889,Kensington and Chelsea 010B
E01002892,Kensington and Chelsea 010E
E01002893,Kensington and Chelsea 017C
E01002894,Kensington and Chelsea 017D
E01002896,Kensington and Chelsea 020C
E01002898,Kensington and Chelsea 017E
E01002903,Kensington and Chelsea 018E
E01002908,Kensington and Chelsea 003D
E01002813,Kensington and Chelsea 011A
E01002818,Kensington and Chelsea 012A
E01002847,Kensington and Chelsea 015B
E01002854,Kensington and Chelsea 001C
E01002872,Kensington and Chelsea 005B
E01002875,Kensington and Chelsea 007E
E01002884,Kensington and Chelsea 006C
E01002887,Kensington and Chelsea 010A
E01002859,Kensington and Chelsea 012C
E01002814,Kensington and Chelsea 015A
E01002840,Kensington and Chelsea 021A
E01002870,Kensington and Chelsea 005A
E01002905,Kensington and Chelsea 002B
E01002906,Kensington and Chelsea 002C
E01002913,Kensington and Chelsea 021E
E01002868,Kensington and Chelsea 009D
E01002871,Kensington and Chelsea 007B
E01002890,Kensington and Chelsea 010C
E01002911,Kensington and Chelsea 019D
E01035714,Kensington and Chelsea 020F
E01002817,Kensington and Chelsea 011D
E01002827,Kensington and Chelsea 008D
E01002877,Kensington and Chelsea 003B
E01002825,Kensington and Chelsea 008B
E01002864,Kensington and Chelsea 009A
E01002912,Kensington and Chelsea 020E
E01002819,Kensington and Chelsea 012B
E01002826,Kensington and Chelsea 008C
E01002900,Kensington and Chelsea 018B
E01002821,Kensington and Chelsea 014A
E01002824,Kensington and Chelsea 008A
E01002901,Kensington and Chelsea 018C
E01035713,Kensington and Chelsea 016F
E01002852,Kensington and Chelsea 001A
E01003205,Lewisham 007D
E01003299,Lewisham 003B
E01003305,Lewisham 003E
E01003321,Lewisham 020C
E01003322,Lewisham 020D
E01003337,Lewisham 010B
E01003338,Lewisham 006A
E01003349,Lewisham 026B
E01003252,Lewisham 002D
E01003244,Lewisham 001A
E01003238,Lewisham 037C
E01003218,Lewisham 022B
E01003209,Lewisham 005B
E01033322,Lewisham 017F
E01033325,Lewisham 008F
E01034387,Lewisham 001F
E01034388,Lewisham 001G
E01034389,Lewisham 001H
E01034393,Lewisham 040B
E01034395,Lewisham 040D
E01003195,Lewisham 029C
E01003203,Lewisham 009D
E01003214,Lewisham 008D
E01003220,Lewisham 022C
E01003224,Lewisham 022E
E01003228,Lewisham 019C
E01003245,Lewisham 001B
E01003249,Lewisham 001D
E01003253,Lewisham 002E
E01003258,Lewisham 028C
E01003262,Lewisham 021E
E01003266,Lewisham 031C
E01003290,Lewisham 041E
E01003300,Lewisham 039B
E01003302,Lewisham 003D
E01003312,Lewisham 027D
E01003315,Lewisham 024D
E01003324,Lewisham 020E
E01003326,Lewisham 035A
E01003328,Lewisham 035C
E01003329,Lewisham 033A
E01003339,Lewisham 006B
E01003340,Lewisham 006C
E01003341,Lewisham 006D
E01003344,Lewisham 010D
E01003347,Lewisham 030A
E01033341,Lewisham 041C
E01003231,Lewisham 015B
E01003272,Lewisham 014A
E01003278,Lewisham 011C
E01003279,Lewisham 011D
E01003288,Lewisham 041A
E01003293,Lewisham 017B
E01003304,Lewisham 039D
E01003308,Lewisham 024B
E01003309,Lewisham 027A
E01003311,Lewisham 027C
E01003314,Lewisham 024C
E01003316,Lewisham 024E
E01003319,Lewisham 018A
E01003333,Lewisham 035D
E01003335,Lewisham 035E
E01003343,Lewisham 006E
E01003261,Lewisham 021D
E01003259,Lewisham 028D
E01003207,Lewisham 005A
E01003206,Lewisham 007E
E01032564,Lewisham 037E
E01033320,Lewisham 017E
E01034394,Lewisham 040C
E01003189,Lewisham 034A
E01003197,Lewisham 029E
E01003215,Lewisham 005E
E01003216,Lewisham 025A
E01003273,Lewisham 011A
E01003283,Lewisham 013B
E01003298,Lewisham 039A
E01003307,Lewisham 024A
E01003313,Lewisham 027E
E01003323,Lewisham 018C
E01003327,Lewisham 035B
E01003336,Lewisham 010A
E01003345,Lewisham 010E
E01003353,Lewisham 030E
E01003257,Lewisham 028B
E01003222,Lewisham 022D
E01003211,Lewisham 008B
E01003210,Lewisham 005C
E01032579,Lewisham 039E
E01034392,Lewisham 040A
E01003204,Lewisham 007C
E01003239,Lewisham 037D
E01003241,Lewisham 038C
E01003274,Lewisham 014B
E01003280,Lewisham 016A
E01003286,Lewisham 013D
E01003287,Lewisham 016D
E01003310,Lewisham 027B
E01003330,Lewisham 033B
E01003350,Lewisham 030C
E01003352,Lewisham 030D
E01003251,Lewisham 002C
E01003230,Lewisham 019E
E01003229,Lewisham 019D
E01032565,Lewisham 038E
E01034390,Lewisham 020F
E01034391,Lewisham 020G
E01003194,Lewisham 029B
E01003201,Lewisham 007B
E01003223,Lewisham 025D
E01003232,Lewisham 015C
E01003236,Lewisham 037A
E01003268,Lewisham 023B
E01003269,Lewisham 023C
E01003275,Lewisham 014C
E01003282,Lewisham 013A
E01003320,Lewisham 018B
E01003325,Lewisham 018D
E01003255,Lewisham 021B
E01003198,Lewisham 009A
E01003202,Lewisham 009C
E01003225,Lewisham 015A
E01003227,Lewisham 019B
E01003277,Lewisham 011B
E01003284,Lewisham 013C
E01003342,Lewisham 010C
E01003256,Lewisham 028A
E01003243,Lewisham 038D
E01003190,Lewisham 034B
E01003191,Lewisham 034C
E01003221,Lewisham 025C
E01003233,Lewisham 015D
E01003247,Lewisham 001C
E01003265,Lewisham 031B
E01003270,Lewisham 023D
E01003331,Lewisham 033C
E01003332,Lewisham 033D
E01003348,Lewisham 030B
E01033324,Lewisham 008E
E01003217,Lewisham 022A
E01003246,Lewisham 002A
E01003260,Lewisham 021C
E01003263,Lewisham 023A
E01003267,Lewisham 031D
E01003271,Lewisham 023E
E01003281,Lewisham 016B
E01003291,Lewisham 041D
E01003295,Lewisham 017D
E01003301,Lewisham 003C
E01003334,Lewisham 033E
E01003351,Lewisham 026C
E01003219,Lewisham 025B
E01003226,Lewisham 019A
E01003264,Lewisham 031A
E01003285,Lewisham 016C
E01003354,Lewisham 026D
E01003212,Lewisham 005D
E01003303,Lewisham 039C
E01003196,Lewisham 029D
E01003213,Lewisham 008C
E01003235,Lewisham 038A
E01003297,Lewisham 003A
E01003193,Lewisham 029A
E01003292,Lewisham 017A
E01003318,Lewisham 020B
E01033327,Lewisham 041B
E01003237,Lewisham 037B
E01003254,Lewisham 021A
E01003276,Lewisham 014D
E01003248,Lewisham 002B
E01003199,Lewisham 007A
E01003200,Lewisham 009B
E01003240,Lewisham 038B
E01003346,Lewisham 026A
E01003192,Lewisham 034D
E01003174,Lambeth 024C
E01003175,Lambeth 024D
E01003176,Lambeth 016E
E01003177,Lambeth 020D
E01003178,Lambeth 020E
E01003179,Lambeth 024E
E01003181,Lambeth 007A
E01003184,Lambeth 007B
E01003185,Lambeth 007C
E01003188,Lambeth 009E
E01003161,Lambeth 023E
E01003136,Lambeth 022A
E01003135,Lambeth 026C
E01003129,Lambeth 004E
E01003128,Lambeth 008E
E01003127,Lambeth 010E
E01003126,Lambeth 008D
E01003125,Lambeth 006E
E01003124,Lambeth 006D
E01003122,Lambeth 004D
E01003121,Lambeth 006B
E01003115,Lambeth 034A
E01003111,Lambeth 002D
E01003100,Lambeth 005C
E01003094,Lambeth 010C
E01003093,Lambeth 010B
E01003091,Lambeth 008B
E01003088,Lambeth 010A
E01003070,Lambeth 033E
E01003064,Lambeth 028A
E01003063,Lambeth 033B
E01003061,Lambeth 011F
E01003060,Lambeth 011E
E01003059,Lambeth 011D
E01003058,Lambeth 015E
E01003056,Lambeth 015D
E01003055,Lambeth 016D
E01003046,Lambeth 009A
E01003045,Lambeth 011A
E01003044,Lambeth 018B
E01003042,Lambeth 013E
E01003034,Lambeth 012A
E01003031,Lambeth 023A
E01003025,Lambeth 021E
E01003022,Lambeth 021B
E01003017,Lambeth 036D
E01003015,Lambeth 002A
E01033208,Lambeth 004G
E01033864,Lambeth 004H
E01033866,Lambeth 004J
E01003019,Lambeth 015A
E01003023,Lambeth 021C
E01003027,Lambeth 019B
E01003029,Lambeth 017A
E01003030,Lambeth 019D
E01003037,Lambeth 013A
E01003039,Lambeth 013C
E01003041,Lambeth 017C
E01003052,Lambeth 016C
E01003054,Lambeth 015C
E01003062,Lambeth 033A
E01003075,Lambeth 009C
E01003082,Lambeth 031C
E01003086,Lambeth 031D
E01003095,Lambeth 012E
E01003097,Lambeth 006A
E01003098,Lambeth 005A
E01003104,Lambeth 004C
E01003108,Lambeth 002B
E01003113,Lambeth 032A
E01003118,Lambeth 029C
E01003120,Lambeth 032D
E01003131,Lambeth 026B
E01003132,Lambeth 024A
E01003133,Lambeth 027C
E01003142,Lambeth 035C
E01003143,Lambeth 035D
E01003146,Lambeth 035E
E01003150,Lambeth 032F
E01003157,Lambeth 023C
E01003159,Lambeth 022C
E01003160,Lambeth 022D
E01003172,Lambeth 024B
E01003180,Lambeth 005D
E01003182,Lambeth 009D
E01033863,Lambeth 003G
E01003092,Lambeth 008C
E01003112,Lambeth 002E
E01003171,Lambeth 020B
E01003173,Lambeth 020C
E01003183,Lambeth 005E
E01003165,Lambeth 025B
E01003162,Lambeth 022E
E01003158,Lambeth 023D
E01003151,Lambeth 026E
E01003149,Lambeth 030D
E01003138,Lambeth 026D
E01003134,Lambeth 027D
E01003130,Lambeth 026A
E01003119,Lambeth 032C
E01003105,Lambeth 003B
E01003102,Lambeth 004A
E01003089,Lambeth 008A
E01003057,Lambeth 017D
E01003053,Lambeth 015B
E01003048,Lambeth 009B
E01003038,Lambeth 013B
E01003035,Lambeth 012B
E01003033,Lambeth 019E
E01003032,Lambeth 017B
E01003020,Lambeth 016A
E01003016,Lambeth 036C
E01003036,Lambeth 012C
E01003069,Lambeth 033D
E01003187,Lambeth 007E
E01003156,Lambeth 023B
E01003154,Lambeth 030E
E01003114,Lambeth 032B
E01003110,Lambeth 002C
E01003087,Lambeth 031E
E01003077,Lambeth 014D
E01003050,Lambeth 016B
E01003047,Lambeth 011B
E01003043,Lambeth 018A
E01003040,Lambeth 013D
E01003024,Lambeth 021D
E01003021,Lambeth 021A
E01003065,Lambeth 031A
E01003167,Lambeth 028E
E01003153,Lambeth 029D
E01003145,Lambeth 034D
E01003123,Lambeth 006C
E01003101,Lambeth 003A
E01003090,Lambeth 012D
E01003084,Lambeth 030B
E01003049,Lambeth 011C
E01003067,Lambeth 033C
E01003072,Lambeth 014A
E01003139,Lambeth 035A
E01003186,Lambeth 007D
E01003163,Lambeth 023F
E01003137,Lambeth 022B
E01003106,Lambeth 003C
E01003083,Lambeth 030A
E01003080,Lambeth 027B
E01003018,Lambeth 020A
E01003014,Lambeth 036B
E01033862,Lambeth 003F
E01003117,Lambeth 029B
E01003155,Lambeth 029E
E01003148,Lambeth 032E
E01003028,Lambeth 019C
E01003066,Lambeth 028B
E01003085,Lambeth 030C
E01003096,Lambeth 010D
E01003107,Lambeth 003D
E01003116,Lambeth 029A
E01003169,Lambeth 025D
E01033865,Lambeth 004I
E01003078,Lambeth 014E
E01003147,Lambeth 034E
E01003068,Lambeth 031B
E01003071,Lambeth 018D
E01003051,Lambeth 018C
E01003076,Lambeth 014C
E01003079,Lambeth 027A
E01003152,Lambeth 027E
E01003164,Lambeth 025A
E01003168,Lambeth 025C
E01003073,Lambeth 014B
E01003166,Lambeth 028D
E01003026,Lambeth 019A
E01003074,Lambeth 018E
E01003081,Lambeth 028C
E01032582,Lambeth 036E
E01003099,Lambeth 005B
E01003170,Lambeth 025E
E01003013,Lambeth 036A
E01003144,Lambeth 034C
E01003489,Newham 019B
E01003491,Newham 022A
E01003495,Newham 025D
E01003496,Newham 027A
E01003506,Newham 034D
E01003509,Newham 031C
E01003511,Newham 036A
E01003519,Newham 032E
E01003522,Newham 018C
E01003524,Newham 019D
E01003527,Newham 024B
E01003530,Newham 010B
E01003532,Newham 010D
E01003534,Newham 010E
E01003551,Newham 009A
E01003553,Newham 009B
E01003554,Newham 009C
E01003560,Newham 011B
E01003563,Newham 011C
E01003565,Newham 014C
E01003566,Newham 014D
E01003567,Newham 007D
E01003568,Newham 017A
E01003569,Newham 017B
E01003570,Newham 008C
E01003572,Newham 008E
E01003581,Newham 002B
E01003582,Newham 002C
E01003583,Newham 002D
E01003585,Newham 004B
E01003588,Newham 011D
E01003589,Newham 011E
E01003593,Newham 027D
E01003597,Newham 016C
E01003598,Newham 021A
E01003607,Newham 026D
E01003608,Newham 028D
E01003621,Newham 023C
E01003626,Newham 015B
E01003627,Newham 015C
E01003629,Newham 015E
E01003633,Newham 020C
E01003634,Newham 020D
E01034200,Newham 012F
E01034201,Newham 022E
E01034203,Newham 025E
E01034204,Newham 025F
E01034214,Newham 038B
E01034215,Newham 038C
E01034216,Newham 038D
E01034223,Newham 040B
E01034226,Newham 042C
E01034227,Newham 042D
E01034228,Newham 042E
E01034230,Newham 042G
E01003484,Newham 032B
E01003490,Newham 019C
E01003492,Newham 025A
E01003494,Newham 025C
E01003521,Newham 018B
E01003526,Newham 018E
E01003528,Newham 005A
E01003529,Newham 010A
E01003533,Newham 011A
E01003552,Newham 016A
E01003555,Newham 007B
E01003556,Newham 008A
E01003561,Newham 007C
E01003562,Newham 014A
E01003564,Newham 014B
E01003571,Newham 008D
E01003573,Newham 017C
E01003579,Newham 004A
E01003580,Newham 005D
E01003586,Newham 003C
E01003595,Newham 026B
E01003599,Newham 022C
E01003602,Newham 026C
E01003605,Newham 028C
E01003611,Newham 041C
E01003615,Newham 039A
E01003628,Newham 015D
E01003632,Newham 020B
E01003637,Newham 021D
E01034199,Newham 012E
E01034202,Newham 022F
E01034210,Newham 034L
E01003487,Newham 033D
E01003488,Newham 019A
E01003507,Newham 031A
E01003520,Newham 018A
E01003525,Newham 018D
E01003531,Newham 010C
E01003543,Newham 001A
E01003547,Newham 007A
E01003549,Newham 006C
E01003558,Newham 008B
E01003575,Newham 005B
E01003592,Newham 022B
E01003594,Newham 026A
E01003618,Newham 012C
E01003624,Newham 024E
E01003631,Newham 020A
E01034207,Newham 033G
E01034208,Newham 034J
E01034221,Newham 039E
E01003499,Newham 030A
E01003516,Newham 032C
E01003536,Newham 023B
E01003538,Newham 029A
E01003542,Newham 024D
E01003550,Newham 001D
E01003559,Newham 009D
E01003577,Newham 005C
E01003623,Newham 023E
E01003630,Newham 021C
E01003636,Newham 020E
E01033584,Newham 034I
E01034212,Newham 034N
E01034219,Newham 039C
E01003501,Newham 030B
E01003508,Newham 031B
E01003518,Newham 032D
E01003537,Newham 024C
E01003541,Newham 029D
E01003545,Newham 006A
E01003546,Newham 001C
E01003574,Newham 017D
E01003591,Newham 004D
E01003596,Newham 016B
E01003600,Newham 021B
E01003603,Newham 028B
E01003616,Newham 012A
E01034231,Newham 042H
E01003514,Newham 036C
E01003523,Newham 024A
E01003540,Newham 029C
E01003557,Newham 006D
E01033580,Newham 042A
E01003480,Newham 033A
E01034213,Newham 038A
E01003485,Newham 035C
E01003539,Newham 029B
E01003548,Newham 006B
E01003576,Newham 002A
E01003604,Newham 031D
E01003479,Newham 035A
E01003498,Newham 027B
E01034209,Newham 034K
E01003587,Newham 004C
E01003619,Newham 012D
E01034217,Newham 038E
E01003483,Newham 032A
E01003512,Newham 036B
E01003502,Newham 030C
E01003503,Newham 030D
E01003544,Newham 001B
E01003625,Newham 015A
E01034222,Newham 040A
E01003486,Newham 033C
E01003517,Newham 036E
E01003601,Newham 028A
E01003635,Newham 016D
E01003513,Newham 035D
E01003584,Newham 003B
E01003590,Newham 003D
E01033579,Newham 040C
E01033586,Newham 040D
E01034211,Newham 034M
E01003535,Newham 023A
E01003622,Newham 023D
E01034218,Newham 039B
E01033582,Newham 041B
E01034220,Newham 039D
E01034225,Newham 042B
E01034229,Newham 042F
E01003481,Newham 035B
E01003578,Newham 003A
E01003497,Newham 034A
E01003500,Newham 027C
E01003515,Newham 036D
E01034224,Newham 041D
E01034206,Newham 033F
E01033581,Newham 041A
E01034205,Newham 033E
E01003912,Southwark 019A
E01003923,Southwark 017A
E01003924,Southwark 021E
E01003925,Southwark 020E
E01003926,Southwark 021F
E01003936,Southwark 009A
E01003937,Southwark 009B
E01003938,Southwark 006A
E01003940,Southwark 006B
E01003941,Southwark 006C
E01003943,Southwark 009C
E01003954,Southwark 030B
E01003958,Southwark 032D
E01003963,Southwark 016A
E01003971,Southwark 015D
E01003972,Southwark 016D
E01003973,Southwark 016E
E01003975,Southwark 004A
E01003991,Southwark 017C
E01003992,Southwark 014A
E01003993,Southwark 017D
E01003995,Southwark 014B
E01003997,Southwark 017E
E01003998,Southwark 014D
E01004003,Southwark 023B
E01004007,Southwark 018E
E01004008,Southwark 022B
E01004019,Southwark 026C
E01004024,Southwark 011C
E01004036,Southwark 007E
E01004044,Southwark 013E
E01004045,Southwark 027A
E01004065,Southwark 025D
E01004071,Southwark 030D
E01032637,Southwark 035E
E01032638,Southwark 035D
E01032639,Southwark 014F
E01032640,Southwark 035B
E01032719,Southwark 014G
E01032803,Southwark 036C
E01032834,Southwark 035C
E01033870,Southwark 004G
E01033872,Southwark 004I
E01033874,Southwark 009H
E01033875,Southwark 012G
E01033876,Southwark 012H
E01033882,Southwark 022G
E01033883,Southwark 022H
E01033885,Southwark 036A
E01003911,Southwark 020A
E01003914,Southwark 024B
E01003915,Southwark 024C
E01003917,Southwark 020C
E01003922,Southwark 021D
E01003930,Southwark 034A
E01003942,Southwark 006D
E01003952,Southwark 030A
E01003955,Southwark 028B
E01003956,Southwark 030C
E01003960,Southwark 012A
E01003976,Southwark 036D
E01003977,Southwark 010A
E01003979,Southwark 006E
E01003980,Southwark 013A
E01003999,Southwark 014E
E01004010,Southwark 022D
E01004013,Southwark 019D
E01004014,Southwark 019E
E01004021,Southwark 028D
E01004023,Southwark 004D
E01004030,Southwark 007A
E01004032,Southwark 001B
E01004034,Southwark 007D
E01004037,Southwark 010B
E01004042,Southwark 010D
E01004043,Southwark 010E
E01004047,Southwark 027B
E01004051,Southwark 027E
E01004060,Southwark 008E
E01004066,Southwark 025E
E01032584,Southwark 034E
E01032646,Southwark 036B
E01033871,Southwark 004H
E01033877,Southwark 012I
E01033878,Southwark 015F
E01033879,Southwark 015G
E01003916,Southwark 020B
E01003918,Southwark 020D
E01003920,Southwark 021B
E01003932,Southwark 034B
E01003947,Southwark 033C
E01003957,Southwark 032C
E01003961,Southwark 012B
E01003990,Southwark 018D
E01003994,Southwark 012E
E01004001,Southwark 026B
E01004011,Southwark 019B
E01004012,Southwark 019C
E01004028,Southwark 004E
E01004039,Southwark 013B
E01004040,Southwark 013C
E01004049,Southwark 027D
E01004054,Southwark 001D
E01004055,Southwark 001E
E01033873,Southwark 009G
E01003913,Southwark 024A
E01003939,Southwark 002E
E01003966,Southwark 015B
E01003981,Southwark 006F
E01003983,Southwark 018A
E01004035,Southwark 011D
E01004041,Southwark 013D
E01004046,Southwark 028E
E01004050,Southwark 024D
E01004058,Southwark 008C
E01033868,Southwark 002G
E01033884,Southwark 035A
E01003921,Southwark 021C
E01003935,Southwark 002D
E01003986,Southwark 011A
E01003987,Southwark 011B
E01004002,Southwark 029A
E01004005,Southwark 023D
E01004006,Southwark 023E
E01004020,Southwark 029D
E01004029,Southwark 001A
E01004038,Southwark 010C
E01032583,Southwark 034D
E01033869,Southwark 004F
E01003984,Southwark 023A
E01004053,Southwark 001C
E01004067,Southwark 022E
E01033880,Southwark 015H
E01003919,Southwark 021A
E01003933,Southwark 034C
E01003953,Southwark 028A
E01004004,Southwark 023C
E01004068,Southwark 026E
E01004059,Southwark 008D
E01004056,Southwark 008A
E01033867,Southwark 002F
E01004033,Southwark 007C
E01003934,Southwark 002C
E01004063,Southwark 025C
E01004064,Southwark 026D
E01003949,Southwark 032A
E01003950,Southwark 032B
E01004000,Southwark 026A
E01004018,Southwark 032E
E01004074,Southwark 031D
E01004017,Southwark 029C
E01004072,Southwark 030E
E01003969,Southwark 017B
E01004073,Southwark 031C
E01033881,Southwark 016F
E01003989,Southwark 018C
E01004057,Southwark 008B
E01004048,Southwark 027C
E01004016,Southwark 029B
E01004061,Southwark 025A
E01003929,Southwark 002B
E01003948,Southwark 033D
E01003988,Southwark 018B
E01004015,Southwark 028C
E01004052,Southwark 024E
E01004062,Southwark 025B
E01004031,Southwark 007B
E01004070,Southwark 031B
E01004075,Southwark 031E
E01004069,Southwark 031A
E01003946,Southwark 033B
E01003945,Southwark 033A
E01003951,Southwark 033E
E01004198,Tower Hamlets 002B
E01004199,Tower Hamlets 002C
E01004200,Tower Hamlets 005A
E01004202,Tower Hamlets 005B
E01004204,Tower Hamlets 005D
E01004207,Tower Hamlets 011A
E01004209,Tower Hamlets 011B
E01004212,Tower Hamlets 011D
E01004214,Tower Hamlets 030A
E01032767,Tower Hamlets 021F
E01004326,Tower Hamlets 017D
E01004324,Tower Hamlets 017C
E01004323,Tower Hamlets 017B
E01004316,Tower Hamlets 009C
E01004311,Tower Hamlets 006A
E01004310,Tower Hamlets 015E
E01004308,Tower Hamlets 015C
E01004305,Tower Hamlets 022D
E01004304,Tower Hamlets 022C
E01004302,Tower Hamlets 025C
E01004300,Tower Hamlets 022B
E01004298,Tower Hamlets 022A
E01004295,Tower Hamlets 026C
E01004287,Tower Hamlets 016B
E01004275,Tower Hamlets 031B
E01004272,Tower Hamlets 014D
E01004268,Tower Hamlets 012E
E01004266,Tower Hamlets 007D
E01004264,Tower Hamlets 010C
E01004263,Tower Hamlets 007C
E01004260,Tower Hamlets 007B
E01004258,Tower Hamlets 023D
E01004255,Tower Hamlets 023C
E01004251,Tower Hamlets 023A
E01004247,Tower Hamlets 020C
E01004244,Tower Hamlets 020B
E01004243,Tower Hamlets 020A
E01004240,Tower Hamlets 012A
E01004237,Tower Hamlets 008C
E01004236,Tower Hamlets 008B
E01004235,Tower Hamlets 008A
E01004233,Tower Hamlets 003D
E01004231,Tower Hamlets 004D
E01004230,Tower Hamlets 003B
E01004229,Tower Hamlets 004C
E01004226,Tower Hamlets 001D
E01032768,Tower Hamlets 025E
E01032770,Tower Hamlets 032B
E01032772,Tower Hamlets 032C
E01032776,Tower Hamlets 034D
E01032779,Tower Hamlets 035C
E01032784,Tower Hamlets 004G
E01032785,Tower Hamlets 010E
E01032786,Tower Hamlets 010F
E01035658,Tower Hamlets 001F
E01035660,Tower Hamlets 002E
E01035661,Tower Hamlets 002F
E01035662,Tower Hamlets 004H
E01035663,Tower Hamlets 004I
E01035666,Tower Hamlets 008G
E01035669,Tower Hamlets 009F
E01035671,Tower Hamlets 012F
E01035672,Tower Hamlets 012G
E01035673,Tower Hamlets 012H
E01035674,Tower Hamlets 014F
E01035675,Tower Hamlets 014G
E01035677,Tower Hamlets 014I
E01035680,Tower Hamlets 019E
E01035682,Tower Hamlets 019G
E01035683,Tower Hamlets 019H
E01035684,Tower Hamlets 020E
E01035685,Tower Hamlets 020F
E01035686,Tower Hamlets 021G
E01035687,Tower Hamlets 021H
E01035688,Tower Hamlets 021I
E01035689,Tower Hamlets 021J
E01035690,Tower Hamlets 023E
E01035692,Tower Hamlets 024E
E01035693,Tower Hamlets 024F
E01035695,Tower Hamlets 024H
E01035698,Tower Hamlets 032F
E01035699,Tower Hamlets 032G
E01035700,Tower Hamlets 034A
E01035701,Tower Hamlets 034B
E01035703,Tower Hamlets 036B
E01035704,Tower Hamlets 036C
E01035706,Tower Hamlets 036E
E01004201,Tower Hamlets 002D
E01004206,Tower Hamlets 013B
E01004232,Tower Hamlets 003C
E01004239,Tower Hamlets 008E
E01004257,Tower Hamlets 024D
E01004271,Tower Hamlets 014C
E01004274,Tower Hamlets 031A
E01004276,Tower Hamlets 031C
E01004283,Tower Hamlets 016A
E01004288,Tower Hamlets 019D
E01004289,Tower Hamlets 016C
E01004296,Tower Hamlets 026D
E01004301,Tower Hamlets 025B
E01004312,Tower Hamlets 009A
E01004313,Tower Hamlets 009B
E01004319,Tower Hamlets 021A
E01032769,Tower Hamlets 025F
E01032775,Tower Hamlets 031F
E01032777,Tower Hamlets 035A
E01032782,Tower Hamlets 033D
E01032787,Tower Hamlets 011F
E01035667,Tower Hamlets 008H
E01035678,Tower Hamlets 018E
E01035681,Tower Hamlets 019F
E01035697,Tower Hamlets 026F
E01004205,Tower Hamlets 013A
E01004245,Tower Hamlets 018A
E01004315,Tower Hamlets 006C
E01004306,Tower Hamlets 015A
E01004292,Tower Hamlets 026A
E01004291,Tower Hamlets 027A
E01004290,Tower Hamlets 016D
E01004281,Tower Hamlets 031D
E01004256,Tower Hamlets 024C
E01004241,Tower Hamlets 012B
E01004222,Tower Hamlets 001A
E01004216,Tower Hamlets 030B
E01004211,Tower Hamlets 013D
E01032765,Tower Hamlets 004F
E01032781,Tower Hamlets 033C
E01035664,Tower Hamlets 006E
E01035665,Tower Hamlets 008F
E01035676,Tower Hamlets 014H
E01035679,Tower Hamlets 018F
E01035694,Tower Hamlets 024G
E01035696,Tower Hamlets 026E
E01004259,Tower Hamlets 007A
E01004267,Tower Hamlets 012D
E01004297,Tower Hamlets 027C
E01004322,Tower Hamlets 017A
E01032774,Tower Hamlets 032E
E01035659,Tower Hamlets 001G
E01035668,Tower Hamlets 009E
E01004248,Tower Hamlets 018C
E01004286,Tower Hamlets 019C
E01004228,Tower Hamlets 003A
E01004219,Tower Hamlets 035B
E01004203,Tower Hamlets 005C
E01032783,Tower Hamlets 031G
E01035657,Tower Hamlets 001E
E01004321,Tower Hamlets 021C
E01035691,Tower Hamlets 023F
E01004280,Tower Hamlets 032A
E01004307,Tower Hamlets 015B
E01035670,Tower Hamlets 010G
E01035705,Tower Hamlets 036D
E01004249,Tower Hamlets 018D
E01004208,Tower Hamlets 013C
E01004221,Tower Hamlets 036A
E01004309,Tower Hamlets 015D
E01004218,Tower Hamlets 030D
E01004270,Tower Hamlets 014B
E01032771,Tower Hamlets 033B
E01032780,Tower Hamlets 035D
E01004217,Tower Hamlets 030C
E01004293,Tower Hamlets 027B
E01004303,Tower Hamlets 025D
E01035702,Tower Hamlets 034C
E01004234,Tower Hamlets 003E
E01004223,Tower Hamlets 001B
E01004277,Tower Hamlets 033A
E01032764,Tower Hamlets 004E
E01004490,Wandsworth 031A
E01004512,Wandsworth 019B
E01004513,Wandsworth 018B
E01004531,Wandsworth 033A
E01004532,Wandsworth 032A
E01004535,Wandsworth 007A
E01004538,Wandsworth 007C
E01004541,Wandsworth 007D
E01004542,Wandsworth 021D
E01004580,Wandsworth 004C
E01004596,Wandsworth 020E
E01004599,Wandsworth 025E
E01004611,Wandsworth 032B
E01004627,Wandsworth 019F
E01004633,Wandsworth 022D
E01004637,Wandsworth 028E
E01004587,Wandsworth 009D
E01004586,Wandsworth 009C
E01004584,Wandsworth 003D
E01004577,Wandsworth 003C
E01004566,Wandsworth 001B
E01004565,Wandsworth 005A
E01004557,Wandsworth 015B
E01004546,Wandsworth 027C
E01004544,Wandsworth 021E
E01004539,Wandsworth 003A
E01004527,Wandsworth 035C
E01004521,Wandsworth 037B
E01004518,Wandsworth 036B
E01004488,Wandsworth 029B
E01004487,Wandsworth 030C
E01004481,Wandsworth 029A
E01004480,Wandsworth 026C
E01004478,Wandsworth 017B
E01004475,Wandsworth 026B
E01033100,Wandsworth 039B
E01033135,Wandsworth 010G
E01035488,Wandsworth 004H
E01035489,Wandsworth 004I
E01035492,Wandsworth 010J
E01035494,Wandsworth 018E
E01035495,Wandsworth 018F
E01035497,Wandsworth 038B
E01004473,Wandsworth 026A
E01004482,Wandsworth 030A
E01004485,Wandsworth 030B
E01004491,Wandsworth 031B
E01004494,Wandsworth 018A
E01004495,Wandsworth 024A
E01004498,Wandsworth 031D
E01004508,Wandsworth 012A
E01004516,Wandsworth 036A
E01004520,Wandsworth 036D
E01004522,Wandsworth 037C
E01004530,Wandsworth 035F
E01004540,Wandsworth 003B
E01004549,Wandsworth 027D
E01004550,Wandsworth 017D
E01004555,Wandsworth 017E
E01004556,Wandsworth 009B
E01004567,Wandsworth 039A
E01004570,Wandsworth 023B
E01004579,Wandsworth 004B
E01004588,Wandsworth 008E
E01004589,Wandsworth 009E
E01004591,Wandsworth 005C
E01004598,Wandsworth 025D
E01004608,Wandsworth 006E
E01004612,Wandsworth 032C
E01004614,Wandsworth 034A
E01004616,Wandsworth 034C
E01004618,Wandsworth 032D
E01004620,Wandsworth 019C
E01004631,Wandsworth 022C
E01004634,Wandsworth 028B
E01004640,Wandsworth 011D
E01004643,Wandsworth 016C
E01004645,Wandsworth 016E
E01035499,Wandsworth 039C
E01004497,Wandsworth 024C
E01004515,Wandsworth 012D
E01004536,Wandsworth 008B
E01004592,Wandsworth 005D
E01004594,Wandsworth 020D
E01004597,Wandsworth 025C
E01004606,Wandsworth 006C
E01004607,Wandsworth 006D
E01004628,Wandsworth 022A
E01004630,Wandsworth 022B
E01004585,Wandsworth 008D
E01004582,Wandsworth 001C
E01004563,Wandsworth 039E
E01004559,Wandsworth 015D
E01004524,Wandsworth 037D
E01004472,Wandsworth 021A
E01033133,Wandsworth 004G
E01035493,Wandsworth 010K
E01004479,Wandsworth 017C
E01004489,Wandsworth 030D
E01004501,Wandsworth 014B
E01004502,Wandsworth 020B
E01004505,Wandsworth 014D
E01004525,Wandsworth 035A
E01004528,Wandsworth 035D
E01004529,Wandsworth 035E
E01004533,Wandsworth 033B
E01004545,Wandsworth 027B
E01004551,Wandsworth 012E
E01004571,Wandsworth 023C
E01004602,Wandsworth 010C
E01004623,Wandsworth 019E
E01004635,Wandsworth 028C
E01004641,Wandsworth 011E
E01004613,Wandsworth 033D
E01004590,Wandsworth 005B
E01004547,Wandsworth 029C
E01035491,Wandsworth 010I
E01004504,Wandsworth 020C
E01004511,Wandsworth 010B
E01004514,Wandsworth 012C
E01004581,Wandsworth 004D
E01004622,Wandsworth 024D
E01004632,Wandsworth 028A
E01004553,Wandsworth 015A
E01004526,Wandsworth 035B
E01004503,Wandsworth 014C
E01004506,Wandsworth 011A
E01004537,Wandsworth 007B
E01004548,Wandsworth 029D
E01004552,Wandsworth 008C
E01004583,Wandsworth 001D
E01004636,Wandsworth 028D
E01033099,Wandsworth 004E
E01004493,Wandsworth 019A
E01004500,Wandsworth 014A
E01004519,Wandsworth 036C
E01004574,Wandsworth 013B
E01004593,Wandsworth 025A
E01004615,Wandsworth 034B
E01004629,Wandsworth 020F
E01004543,Wandsworth 027A
E01004477,Wandsworth 017A
E01035498,Wandsworth 038E
E01004474,Wandsworth 021B
E01004476,Wandsworth 021C
E01004496,Wandsworth 024B
E01004517,Wandsworth 037A
E01004610,Wandsworth 033C
E01004625,Wandsworth 027E
E01004642,Wandsworth 016B
E01004644,Wandsworth 016D
E01004486,Wandsworth 026F
E01004499,Wandsworth 020A
E01004510,Wandsworth 012B
E01004534,Wandsworth 008A
E01004568,Wandsworth 013A
E01004601,Wandsworth 018D
E01004639,Wandsworth 011C
E01033098,Wandsworth 038C
E01004484,Wandsworth 026E
E01004523,Wandsworth 036E
E01004605,Wandsworth 006B
E01035496,Wandsworth 038A
E01004492,Wandsworth 031C
E01033132,Wandsworth 038D
E01004507,Wandsworth 014E
E01004558,Wandsworth 015C
E01004595,Wandsworth 025B
E01004609,Wandsworth 010E
E01004626,Wandsworth 027F
E01004638,Wandsworth 011B
E01004564,Wandsworth 039D
E01004569,Wandsworth 023A
E01004554,Wandsworth 009A
E01004624,Wandsworth 024E
E01004575,Wandsworth 013C
E01004576,Wandsworth 013D
E01004617,Wandsworth 034D
E01004572,Wandsworth 016A
E01004604,Wandsworth 006A
E01004621,Wandsworth 019D
E01004483,Wandsworth 026D
E01004619,Wandsworth 015E
E01035490,Wandsworth 010H
E01004560,Wandsworth 001A
E01004573,Wandsworth 023D
E01004651,Westminster 003A
E01004652,Westminster 017A
E01004653,Westminster 014A
E01004674,Westminster 005A
E01004676,Westminster 006A
E01004677,Westminster 005C
E01004693,Westminster 017B
E01004694,Westminster 016C
E01004695,Westminster 017C
E01004696,Westminster 017D
E01004698,Westminster 017E
E01004699,Westminster 017F
E01004700,Westminster 016E
E01004701,Westminster 007A
E01004705,Westminster 007D
E01004710,Westminster 002D
E01004711,Westminster 002E
E01004719,Westminster 004B
E01004722,Westminster 004E
E01004728,Westminster 003D
E01004729,Westminster 003E
E01004754,Westminster 010A
E01004756,Westminster 006E
E01004757,Westminster 010C
E01004760,Westminster 014E
E01032513,Westminster 010G
E01004753,Westminster 022E
E01004752,Westminster 022D
E01004748,Westminster 020E
E01004746,Westminster 021D
E01004743,Westminster 021B
E01004742,Westminster 022A
E01004741,Westminster 024F
E01004740,Westminster 021A
E01004737,Westminster 024C
E01004732,Westminster 020B
E01004724,Westminster 001C
E01004686,Westminster 015E
E01004684,Westminster 015C
E01004680,Westminster 015A
E01004670,Westminster 009A
E01004668,Westminster 023D
E01004665,Westminster 024A
E01004660,Westminster 008B
E01004659,Westminster 008A
E01033593,Westminster 015F
E01033597,Westminster 023F
E01033599,Westminster 023G
E01033601,Westminster 009G
E01033602,Westminster 009H
E01033603,Westminster 009I
E01033605,Westminster 009K
E01035715,Westminster 007H
E01004654,Westminster 014B
E01004656,Westminster 014D
E01004675,Westminster 005B
E01004678,Westminster 005D
E01004679,Westminster 005E
E01004682,Westminster 016B
E01004683,Westminster 015B
E01004697,Westminster 016D
E01004707,Westminster 006C
E01004708,Westminster 006D
E01004709,Westminster 007E
E01004715,Westminster 013A
E01004718,Westminster 004A
E01004723,Westminster 005F
E01004744,Westminster 020D
E01004747,Westminster 021E
E01004749,Westminster 022B
E01004751,Westminster 022C
E01033598,Westminster 009F
E01033604,Westminster 009J
E01035717,Westminster 014H
E01004702,Westminster 009E
E01004706,Westminster 006B
E01004712,Westminster 008C
E01004657,Westminster 012A
E01035719,Westminster 021F
E01004647,Westminster 001A
E01004681,Westminster 016A
E01004703,Westminster 007B
E01004720,Westminster 004C
E01004721,Westminster 004D
E01004755,Westminster 010B
E01004663,Westminster 012E
E01035720,Westminster 021G
E01035722,Westminster 024G
E01004692,Westminster 019F
E01004717,Westminster 011D
E01004726,Westminster 003C
E01004662,Westminster 012D
E01004661,Westminster 012C
E01004658,Westminster 012B
E01035721,Westminster 023H
E01004649,Westminster 001B
E01004650,Westminster 002C
E01004669,Westminster 024B
E01004716,Westminster 011C
E01004750,Westminster 023E
E01004646,Westminster 002A
E01033594,Westminster 015G
E01032512,Westminster 010F
E01004648,Westminster 002B
E01004713,Westminster 011A
E01004714,Westminster 011B
E01004765,Westminster 013D
E01004725,Westminster 003B
E01004687,Westminster 019A
E01004690,Westminster 019D
E01004691,Westminster 019E
E01004730,Westminster 001D
E01004762,Westminster 011E
E01004734,Westminster 018A
E01004763,Westminster 013B
E01004735,Westminster 018B
E01004733,Westminster 020C
E01004761,Westminster 018D
E01004727,Westminster 008D
E01035716,Westminster 013G
E01004731,Westminster 020A
E01004736,Westminster 018C
E01035718,Westminster 019G
